Francisco Madero,2
Venustiano Carranza,1
Alvaro Obregon,1
Plutarco E. Calles,1
Candido Aguilar,1
Jacinto B. Trevino,1
Emilio Portes Gil,2
Miguel Aleman Gonzalez,1
Heriberto Jara,1
Lazaro Cardenas,1
Manuel Avila Camacho,1
Miguel Aleman Valdes,1
Ignacio Beteta,1
Ramon Beteta,2
Mario Ramon Beteta,2
Rodolfo Sanchez Taboada,1
Angel Carvajal,2
Adolfo Ruiz Cortines,2
Adolfo Lopez Mateos,2
Hugo B. Margain,2
Salomon Gonzalez Blanco,2
Andres Serra Rojas,2
Antonio Carrillo Flores,2
Antonio Ruiz Galindo,2
Gustavo Diaz Ordaz,2
Luis Echeverria Alvarez,2
Eduardo Bustamante,2
Antonio Ortiz Mena,2
Jose Lopez Portillo,2
Gilberto Loyo,2
Raul Salinas Lozano,2
Miguel De la Madrid,2
Carlos Salinas de Gortari,2
Miguel Aleman Velasco,2
Cuauhtemoc Cardenas,2